,fold,sampler,pvalue,loss
0,ind,ClassOrderSampler,0.3205825649804643,0
0,ind,ClassOrderSampler,0.19348086516389648,0
0,ind,ClassOrderSampler,0.8387836809050474,0
0,ind,ClassOrderSampler,0.5769866058391208,0
0,ind,ClassOrderSampler,0.8171833535216914,0
0,ind,ClassOrderSampler,0.8378524204928118,0
0,ind,ClassOrderSampler,0.1187921070701975,0
0,ind,ClassOrderSampler,0.5501111205226844,0
0,ind,ClassOrderSampler,0.9002197823015305,0
0,ind,ClassOrderSampler,0.9458795636240382,0
0,ind,ClassOrderSampler,0.17898043692953505,0
0,ind,ClassOrderSampler,0.6395123439008743,0
0,ind,ClassOrderSampler,0.43451300558078704,0
0,ind,ClassOrderSampler,0.43401462499993404,0
0,ind,ClassOrderSampler,0.9002197823015305,0
0,ind,ClassOrderSampler,0.9789630142156116,0
0,ind,ClassOrderSampler,0.05802510054436047,0
0,ind,ClassOrderSampler,0.17765274322378458,0
0,ind,ClassOrderSampler,0.3776518342223122,0
0,ind,ClassOrderSampler,0.25573742714197745,0
0,ind,ClassOrderSampler,0.4132508047838886,0
0,ind,ClassOrderSampler,0.583414266177115,0
0,ind,ClassOrderSampler,0.027704566350939545,0
0,ind,ClassOrderSampler,0.5998165665611926,0
0,ind,ClassOrderSampler,0.7993712926170786,0
0,ind,ClassOrderSampler,0.13082787319921424,0
0,ind,ClassOrderSampler,0.6815647555327393,0
0,ind,ClassOrderSampler,0.6540845280047002,0
0,ind,ClassOrderSampler,0.3868438917098632,0
0,ind,ClassOrderSampler,0.4522934393045104,0
0,ind,ClassOrderSampler,0.25573742714197745,0
0,ind,ClassOrderSampler,0.10048948436027345,0
0,ind,ClassOrderSampler,0.5538348665416517,0
0,ind,ClassOrderSampler,0.9346890696807595,0
0,ind,ClassOrderSampler,0.07113409161871569,0
0,ind,ClassOrderSampler,0.8870260307338519,0
0,ind,ClassOrderSampler,0.9181043170423929,0
0,ind,ClassOrderSampler,0.3233885037458188,0
0,ind,ClassOrderSampler,0.9591405423531811,0
0,ind,ClassOrderSampler,0.29114865264655126,0
0,ind,ClassOrderSampler,0.8086396819492103,0
0,ind,ClassOrderSampler,0.49054893000122807,0
0,ind,ClassOrderSampler,0.802719257084223,0
0,ind,ClassOrderSampler,0.3719502156817124,0
0,ind,ClassOrderSampler,0.43331482806199184,0
0,ind,ClassOrderSampler,0.27278863772961465,0
0,ind,ClassOrderSampler,0.6700164835176718,0
0,ind,ClassOrderSampler,0.5570146309371021,0
0,ind,ClassOrderSampler,0.8849806041355298,0
0,ind,ClassOrderSampler,0.4814771748016691,0
0,ind,ClassOrderSampler,0.5340462410498773,0
0,ind,ClassOrderSampler,0.5783325246705772,0
0,ind,ClassOrderSampler,0.33131052564033897,0
0,ind,ClassOrderSampler,0.7288804351889973,0
0,ind,ClassOrderSampler,0.6704010005656554,0
0,ind,ClassOrderSampler,0.055475416551216815,0
0,ind,ClassOrderSampler,0.00889486574413013,0
0,ind,ClassOrderSampler,0.640032396684432,0
0,ind,ClassOrderSampler,0.9640594902165386,0
0,ind,ClassOrderSampler,0.486712714472295,0
0,ind,ClassOrderSampler,0.8304954640722658,0
0,ind,ClassOrderSampler,0.24328234091929601,0
0,ind,ClassOrderSampler,0.7264115998845567,0
0,ind,ClassOrderSampler,0.9803736680464384,0
0,ind,ClassOrderSampler,0.005439378753274273,0
0,ind,ClassOrderSampler,0.07108474677254885,0
0,ind,ClassOrderSampler,0.10925589667265588,0
0,ind,ClassOrderSampler,0.45508267387277984,0
0,ind,ClassOrderSampler,0.2598752176079992,0
0,ind,ClassOrderSampler,0.7187958116110887,0
0,ind,ClassOrderSampler,0.43388243418322264,0
0,ind,ClassOrderSampler,0.8867389193951416,0
0,ind,ClassOrderSampler,0.5658911034738002,0
0,ind,ClassOrderSampler,0.38154380839534086,0
0,ind,ClassOrderSampler,0.694406084790901,0
0,ind,ClassOrderSampler,0.030085042236201478,0
0,ind,ClassOrderSampler,0.2726151593305645,0
0,ind,ClassOrderSampler,0.5506603174163003,0
0,ind,ClassOrderSampler,0.10139586870077054,0
0,ind,ClassOrderSampler,0.4133808646355347,0
0,ind,ClassOrderSampler,0.4537764439395962,0
0,ind,ClassOrderSampler,0.47481661548803755,0
0,ind,ClassOrderSampler,0.7972242221995394,0
0,ind,ClassOrderSampler,0.3292503199520966,0
0,ind,ClassOrderSampler,0.9163645996083833,0
0,ind,ClassOrderSampler,0.9665857965192541,0
0,ind,ClassOrderSampler,0.3698452314356926,0
0,ind,ClassOrderSampler,0.6854373189573592,0
0,ind,ClassOrderSampler,0.9102103509831868,0
0,ind,ClassOrderSampler,0.4603690722443194,0
0,ind,ClassOrderSampler,0.16274939520492449,0
0,ind,ClassOrderSampler,0.7288804351889973,0
0,ind,ClassOrderSampler,0.6297784918215422,0
0,ind,ClassOrderSampler,0.7451181247065224,0
0,ind,ClassOrderSampler,0.767039639380815,0
0,ind,ClassOrderSampler,0.3105480233451525,0
0,ind,ClassOrderSampler,0.7732873430460686,0
0,ind,ClassOrderSampler,0.5225709967571122,0
0,ind,ClassOrderSampler,0.701863467344438,0
0,ind,ClassOrderSampler,0.8422817041034492,0
1,ind,ClusterSampler,0.1933828255721993,0
1,ind,ClusterSampler,0.03612562196906784,0
1,ind,ClusterSampler,0.7857149544621976,0
1,ind,ClusterSampler,0.6092453313354343,0
1,ind,ClusterSampler,0.6095223538636184,0
1,ind,ClusterSampler,0.03612562196906784,0
1,ind,ClusterSampler,0.45866229548677295,0
1,ind,ClusterSampler,0.7770857146023172,0
1,ind,ClusterSampler,0.5712236591852428,0
1,ind,ClusterSampler,0.43116668082448617,0
1,ind,ClusterSampler,0.9196070687467696,0
1,ind,ClusterSampler,0.8452472627040257,0
1,ind,ClusterSampler,0.4133808646355347,0
1,ind,ClusterSampler,0.3717946928438793,0
1,ind,ClusterSampler,0.31405956779159466,0
1,ind,ClusterSampler,0.2849377253490668,0
1,ind,ClusterSampler,0.21127203700663869,0
1,ind,ClusterSampler,0.40851005946959196,0
1,ind,ClusterSampler,0.23648521639653633,0
1,ind,ClusterSampler,0.7137908384109433,0
1,ind,ClusterSampler,0.24424642753911235,0
1,ind,ClusterSampler,0.9689078263178542,0
1,ind,ClusterSampler,0.7812906501938007,0
1,ind,ClusterSampler,0.5548942175595185,0
1,ind,ClusterSampler,0.8219011716378325,0
1,ind,ClusterSampler,0.9128986594209814,0
1,ind,ClusterSampler,0.3887533288850388,0
1,ind,ClusterSampler,0.19843101057664927,0
1,ind,ClusterSampler,0.7368402707546649,0
1,ind,ClusterSampler,0.00021438714742262843,0
1,ind,ClusterSampler,0.3292503199520966,0
1,ind,ClusterSampler,0.46160681244107615,0
1,ind,ClusterSampler,0.7750532464853873,0
1,ind,ClusterSampler,0.40013022292439937,0
1,ind,ClusterSampler,0.5740537615551743,0
1,ind,ClusterSampler,0.46160681244107615,0
1,ind,ClusterSampler,0.052130893272799274,0
1,ind,ClusterSampler,0.5973856907694385,0
1,ind,ClusterSampler,0.976312604216804,0
1,ind,ClusterSampler,0.6322184450069341,0
1,ind,ClusterSampler,0.6624739626455648,0
1,ind,ClusterSampler,0.2572982802170949,0
1,ind,ClusterSampler,0.8219011716378325,0
1,ind,ClusterSampler,0.871742463465799,0
1,ind,ClusterSampler,0.11974272708062836,0
1,ind,ClusterSampler,0.0983621806325687,0
1,ind,ClusterSampler,0.6257298156010055,0
1,ind,ClusterSampler,0.8149656680975161,0
1,ind,ClusterSampler,0.5053007888382998,0
1,ind,ClusterSampler,0.7295491763795984,0
1,ind,ClusterSampler,0.3926887744577771,0
1,ind,ClusterSampler,0.8031846709681564,0
1,ind,ClusterSampler,0.7773562373408065,0
1,ind,ClusterSampler,0.5270141260820488,0
1,ind,ClusterSampler,0.14916211617831804,0
1,ind,ClusterSampler,0.44551128002286794,0
1,ind,ClusterSampler,0.6767155700664617,0
1,ind,ClusterSampler,0.10719466103032702,0
1,ind,ClusterSampler,0.26725027571004173,0
1,ind,ClusterSampler,0.8590128222532656,0
1,ind,ClusterSampler,0.8260890341040027,0
1,ind,ClusterSampler,0.07186644455791652,0
1,ind,ClusterSampler,0.13365922011424095,0
1,ind,ClusterSampler,0.14504492447447462,0
1,ind,ClusterSampler,0.9741602038500704,0
1,ind,ClusterSampler,0.5477165565160902,0
1,ind,ClusterSampler,0.6046481000840477,0
1,ind,ClusterSampler,0.24221437053867595,0
1,ind,ClusterSampler,0.6780643425329244,0
1,ind,ClusterSampler,0.14856306891369184,0
1,ind,ClusterSampler,0.15867266410166458,0
1,ind,ClusterSampler,0.8183956021675407,0
1,ind,ClusterSampler,0.16197244015216908,0
1,ind,ClusterSampler,0.6970561105189601,0
1,ind,ClusterSampler,0.9992453246121784,0
1,ind,ClusterSampler,0.04142654800850923,0
1,ind,ClusterSampler,0.05839391962680811,0
1,ind,ClusterSampler,0.9399386408693547,0
1,ind,ClusterSampler,0.4399948141842846,0
1,ind,ClusterSampler,0.5042758964921502,0
1,ind,ClusterSampler,0.7098060080110993,0
1,ind,ClusterSampler,0.9778468363809998,0
1,ind,ClusterSampler,0.4444137343088977,0
1,ind,ClusterSampler,0.6917196408894057,0
1,ind,ClusterSampler,0.8930568255712592,0
1,ind,ClusterSampler,0.07192040339041393,0
1,ind,ClusterSampler,0.5268757171514472,0
1,ind,ClusterSampler,0.23188328454328494,0
1,ind,ClusterSampler,0.21302236855839965,0
1,ind,ClusterSampler,0.845741621923765,0
1,ind,ClusterSampler,0.029905407762471612,0
1,ind,ClusterSampler,0.6103247942988088,0
1,ind,ClusterSampler,0.049339535938511224,0
1,ind,ClusterSampler,0.10087704005281756,0
1,ind,ClusterSampler,0.0257198890213537,0
1,ind,ClusterSampler,0.5472185615028008,0
1,ind,ClusterSampler,0.534872066405838,0
1,ind,ClusterSampler,0.6184035139919363,0
1,ind,ClusterSampler,0.2049448344575434,0
1,ind,ClusterSampler,0.8835146146491781,0
2,ind,RandomSampler,0.7702288218907475,0
2,ind,RandomSampler,0.13146894513332819,0
2,ind,RandomSampler,0.050791574999771355,0
2,ind,RandomSampler,0.1746998050879643,0
2,ind,RandomSampler,0.24831457954919658,0
2,ind,RandomSampler,0.662719189106745,0
2,ind,RandomSampler,0.7587103544668136,0
2,ind,RandomSampler,0.9967395587257536,0
2,ind,RandomSampler,0.7277019812668493,0
2,ind,RandomSampler,0.7694711220716142,0
2,ind,RandomSampler,0.4238723804082892,0
2,ind,RandomSampler,0.9120411732459784,0
2,ind,RandomSampler,0.17260342986690172,0
2,ind,RandomSampler,0.01568721028067519,0
2,ind,RandomSampler,0.9084819165007872,0
2,ind,RandomSampler,0.5765678333639216,0
2,ind,RandomSampler,0.014176850645896624,0
2,ind,RandomSampler,0.39424443568636347,0
2,ind,RandomSampler,0.3584121054925022,0
2,ind,RandomSampler,0.21714785090069744,0
2,ind,RandomSampler,0.5173851998348673,0
2,ind,RandomSampler,0.5392907915233172,0
2,ind,RandomSampler,0.41682289353081403,0
2,ind,RandomSampler,0.7412288270088647,0
2,ind,RandomSampler,0.4297693998418004,0
2,ind,RandomSampler,0.06608356528003771,0
2,ind,RandomSampler,0.20112163449449014,0
2,ind,RandomSampler,0.3875689871625612,0
2,ind,RandomSampler,0.486712714472295,0
2,ind,RandomSampler,0.8352082216595788,0
2,ind,RandomSampler,0.1805258729256228,0
2,ind,RandomSampler,0.47322138267238434,0
2,ind,RandomSampler,0.5935939002318448,0
2,ind,RandomSampler,0.31766924676770814,0
2,ind,RandomSampler,0.47867292325041405,0
2,ind,RandomSampler,0.1147696287291914,0
2,ind,RandomSampler,0.3403008943116855,0
2,ind,RandomSampler,0.6282761351936067,0
2,ind,RandomSampler,0.5258339346837434,0
2,ind,RandomSampler,0.7719995163413381,0
2,ind,RandomSampler,0.8199729460329614,0
2,ind,RandomSampler,0.04307104810921645,0
2,ind,RandomSampler,0.926305432986558,0
2,ind,RandomSampler,0.13946983587338313,0
2,ind,RandomSampler,0.6761961050761538,0
2,ind,RandomSampler,0.5204943343977857,0
2,ind,RandomSampler,0.6014137154233189,0
2,ind,RandomSampler,0.6600413553630835,0
2,ind,RandomSampler,0.6759155708715019,0
2,ind,RandomSampler,0.05148779119301589,0
2,ind,RandomSampler,0.3893479278694789,0
2,ind,RandomSampler,0.9299507449281249,0
2,ind,RandomSampler,0.7227263766869464,0
2,ind,RandomSampler,0.17260342986690172,0
2,ind,RandomSampler,0.11078792876658167,0
2,ind,RandomSampler,0.8769387902798691,0
2,ind,RandomSampler,0.08758582196116861,0
2,ind,RandomSampler,0.37439402710906705,0
2,ind,RandomSampler,0.9373141356722045,0
2,ind,RandomSampler,0.5206363776803692,0
2,ind,RandomSampler,0.6151616992789141,0
2,ind,RandomSampler,0.8660042400435495,0
2,ind,RandomSampler,0.4996965496687646,0
2,ind,RandomSampler,0.3092180718382177,0
2,ind,RandomSampler,0.15469664094557756,0
2,ind,RandomSampler,0.902463127600277,0
2,ind,RandomSampler,0.14504492447447462,0
2,ind,RandomSampler,0.4004324420694469,0
2,ind,RandomSampler,0.8992817791173454,0
2,ind,RandomSampler,0.848252963707896,0
2,ind,RandomSampler,0.27360351931934074,0
2,ind,RandomSampler,0.7256080147596825,0
2,ind,RandomSampler,0.4513212070225294,0
2,ind,RandomSampler,0.44963544714609766,0
2,ind,RandomSampler,0.08886709635474146,0
2,ind,RandomSampler,0.03609623431866976,0
2,ind,RandomSampler,0.26954776290724214,0
2,ind,RandomSampler,0.4836904953888812,0
2,ind,RandomSampler,0.5894357512810808,0
2,ind,RandomSampler,0.5124988674290022,0
2,ind,RandomSampler,0.7707440777929271,0
2,ind,RandomSampler,0.08451776282335133,0
2,ind,RandomSampler,0.481680523831196,0
2,ind,RandomSampler,0.16204945081822747,0
2,ind,RandomSampler,0.7309691373508346,0
2,ind,RandomSampler,0.6211281657435299,0
2,ind,RandomSampler,0.3754202551380381,0
2,ind,RandomSampler,0.5663086703893896,0
2,ind,RandomSampler,0.5158668571355121,0
2,ind,RandomSampler,0.31163615457621413,0
2,ind,RandomSampler,0.9403059190300331,0
2,ind,RandomSampler,0.04442429439411457,0
2,ind,RandomSampler,0.3090242314909761,0
2,ind,RandomSampler,0.06347665757957716,0
2,ind,RandomSampler,0.8212928418553105,0
2,ind,RandomSampler,0.019297838284367375,0
2,ind,RandomSampler,0.9440888513500744,0
2,ind,RandomSampler,0.34274885621628537,0
2,ind,RandomSampler,0.37816771891304674,0
2,ind,RandomSampler,0.6901331140225585,0
3,CIFAR10,ClassOrderSampler,0.11569484621123906,0
3,CIFAR10,ClassOrderSampler,0.9421900383385248,0
3,CIFAR10,ClassOrderSampler,0.16685783085565825,0
3,CIFAR10,ClassOrderSampler,0.11752072096246316,0
3,CIFAR10,ClassOrderSampler,0.4399948141842846,0
3,CIFAR10,ClassOrderSampler,0.4149669097682712,0
3,CIFAR10,ClassOrderSampler,0.8765989755209818,0
3,CIFAR10,ClassOrderSampler,0.23199117588098025,0
3,CIFAR10,ClassOrderSampler,0.6326023911102283,0
3,CIFAR10,ClassOrderSampler,0.02834109868046147,0
3,CIFAR10,ClassOrderSampler,0.5892930676718896,0
3,CIFAR10,ClassOrderSampler,0.3957816158027473,0
3,CIFAR10,ClassOrderSampler,0.3726598092033403,0
3,CIFAR10,ClassOrderSampler,0.0851365752804153,0
3,CIFAR10,ClassOrderSampler,0.359973211089164,0
3,CIFAR10,ClassOrderSampler,0.1249237493339595,0
3,CIFAR10,ClassOrderSampler,0.008252949955518113,0
3,CIFAR10,ClassOrderSampler,0.13912684619121082,0
3,CIFAR10,ClassOrderSampler,0.4413901976069161,0
3,CIFAR10,ClassOrderSampler,0.520277214048833,0
3,CIFAR10,ClassOrderSampler,0.2663935724381234,0
3,CIFAR10,ClassOrderSampler,0.010162221921546349,0
3,CIFAR10,ClassOrderSampler,0.28516409907393886,0
3,CIFAR10,ClassOrderSampler,0.39308669883036795,0
3,CIFAR10,ClassOrderSampler,0.00010204218931208353,0
3,CIFAR10,ClassOrderSampler,0.7959981347356884,0
3,CIFAR10,ClassOrderSampler,0.6362678272696419,0
3,CIFAR10,ClassOrderSampler,0.8324964692889679,0
3,CIFAR10,ClassOrderSampler,0.7145789542758308,0
3,CIFAR10,ClassOrderSampler,0.7745669150905771,0
3,CIFAR10,ClassOrderSampler,0.1985278290863139,0
3,CIFAR10,ClassOrderSampler,0.07567801543966701,0
3,CIFAR10,ClassOrderSampler,0.9399386408693547,0
3,CIFAR10,ClassOrderSampler,0.06070185158094972,0
3,CIFAR10,ClassOrderSampler,0.3332441232061215,0
3,CIFAR10,ClassOrderSampler,0.7502608525983658,0
3,CIFAR10,ClassOrderSampler,0.16942753328977697,0
3,CIFAR10,ClassOrderSampler,0.19121344557721762,0
3,CIFAR10,ClassOrderSampler,0.536142001809564,0
3,CIFAR10,ClassOrderSampler,0.08781684363378718,0
3,CIFAR10,ClassOrderSampler,0.8960025796993897,0
3,CIFAR10,ClassOrderSampler,0.09824756471298522,0
3,CIFAR10,ClassOrderSampler,0.08874671691395515,0
3,CIFAR10,ClassOrderSampler,0.7992157966178762,0
3,CIFAR10,ClassOrderSampler,0.6324610432463177,0
3,CIFAR10,ClassOrderSampler,0.03867470175526609,0
3,CIFAR10,ClassOrderSampler,0.37962846913520565,0
3,CIFAR10,ClassOrderSampler,0.9005584121683856,0
3,CIFAR10,ClassOrderSampler,0.12891027537484945,0
3,CIFAR10,ClassOrderSampler,0.273486371606612,0
3,CIFAR10,ClassOrderSampler,0.010424837782309635,0
3,CIFAR10,ClassOrderSampler,0.9036806949527919,0
3,CIFAR10,ClassOrderSampler,0.03447929068861227,0
3,CIFAR10,ClassOrderSampler,0.6772705857115521,0
3,CIFAR10,ClassOrderSampler,0.5588633247410527,0
3,CIFAR10,ClassOrderSampler,0.784447865636477,0
3,CIFAR10,ClassOrderSampler,0.7288804351889973,0
3,CIFAR10,ClassOrderSampler,0.5535614970007949,0
3,CIFAR10,ClassOrderSampler,0.9632220912615945,0
3,CIFAR10,ClassOrderSampler,0.5434985226316509,0
3,CIFAR10,ClassOrderSampler,0.4071825785176199,0
3,CIFAR10,ClassOrderSampler,0.40681077312147995,0
3,CIFAR10,ClassOrderSampler,0.08950052893902231,0
3,CIFAR10,ClassOrderSampler,0.046199940608359066,0
3,CIFAR10,ClassOrderSampler,0.733054418084074,0
3,CIFAR10,ClassOrderSampler,0.3944825687640122,0
3,CIFAR10,ClassOrderSampler,0.18156182428141177,0
3,CIFAR10,ClassOrderSampler,0.5122193164942919,0
3,CIFAR10,ClassOrderSampler,0.2907255436636612,0
3,CIFAR10,ClassOrderSampler,0.6986707663862188,0
3,CIFAR10,ClassOrderSampler,0.07753935433429798,0
3,CIFAR10,ClassOrderSampler,0.1429599774874511,0
3,CIFAR10,ClassOrderSampler,0.10712813306832415,0
3,CIFAR10,ClassOrderSampler,0.01970023586100306,0
3,CIFAR10,ClassOrderSampler,0.6761961050761538,0
3,CIFAR10,ClassOrderSampler,0.7520563016919669,0
3,CIFAR10,ClassOrderSampler,0.08891452643659074,0
3,CIFAR10,ClassOrderSampler,0.07619104922334914,0
3,CIFAR10,ClassOrderSampler,0.26297931627871846,0
3,CIFAR10,ClassOrderSampler,0.10698960989707389,0
3,CIFAR10,ClassOrderSampler,0.25274281283965416,0
3,CIFAR10,ClassOrderSampler,0.40194523046084574,0
3,CIFAR10,ClassOrderSampler,0.14142072012732376,0
3,CIFAR10,ClassOrderSampler,0.0865557745903445,0
3,CIFAR10,ClassOrderSampler,0.7417597029392358,0
3,CIFAR10,ClassOrderSampler,0.6657080833535126,0
3,CIFAR10,ClassOrderSampler,0.5935939002318448,0
3,CIFAR10,ClassOrderSampler,0.017121536185292784,0
3,CIFAR10,ClassOrderSampler,0.627053064923198,0
3,CIFAR10,ClassOrderSampler,0.38822695291495285,0
3,CIFAR10,ClassOrderSampler,0.9240819190297375,0
3,CIFAR10,ClassOrderSampler,0.0008607811727727516,0
3,CIFAR10,ClassOrderSampler,0.9391653530168477,0
3,CIFAR10,ClassOrderSampler,0.6826373126108686,0
3,CIFAR10,ClassOrderSampler,0.6925421667556473,0
3,CIFAR10,ClassOrderSampler,0.0878748631713379,0
3,CIFAR10,ClassOrderSampler,0.49460538900692846,0
3,CIFAR10,ClassOrderSampler,0.5382405168654429,0
3,CIFAR10,ClassOrderSampler,0.5424456077914926,0
3,CIFAR10,ClassOrderSampler,0.7412288270088647,0
4,CIFAR10,ClusterSampler,0.09579767038162203,0
4,CIFAR10,ClusterSampler,0.3394876127388919,0
4,CIFAR10,ClusterSampler,0.8183956021675407,0
4,CIFAR10,ClusterSampler,0.013446669052251153,0
4,CIFAR10,ClusterSampler,0.5847630078451586,0
4,CIFAR10,ClusterSampler,0.17090908172469182,0
4,CIFAR10,ClusterSampler,0.6756408323303436,0
4,CIFAR10,ClusterSampler,0.5794032746702176,0
4,CIFAR10,ClusterSampler,0.4238723804082892,0
4,CIFAR10,ClusterSampler,0.10543562622518785,0
4,CIFAR10,ClusterSampler,0.8298953856176284,0
4,CIFAR10,ClusterSampler,0.45352320576008726,0
4,CIFAR10,ClusterSampler,0.3868438917098632,0
4,CIFAR10,ClusterSampler,0.04023848876189378,0
4,CIFAR10,ClusterSampler,0.141848110112694,0
4,CIFAR10,ClusterSampler,0.24018672678162345,0
4,CIFAR10,ClusterSampler,0.16685783085565825,0
4,CIFAR10,ClusterSampler,0.07235812861201242,0
4,CIFAR10,ClusterSampler,0.06468779793782589,0
4,CIFAR10,ClusterSampler,0.41219221551717933,0
4,CIFAR10,ClusterSampler,0.04023848876189378,0
4,CIFAR10,ClusterSampler,0.5840674534206188,0
4,CIFAR10,ClusterSampler,0.0614663144032457,0
4,CIFAR10,ClusterSampler,0.562836857769287,0
4,CIFAR10,ClusterSampler,0.4002988488470934,0
4,CIFAR10,ClusterSampler,0.17502124793118456,0
4,CIFAR10,ClusterSampler,0.18534253535596956,0
4,CIFAR10,ClusterSampler,0.706381438400933,0
4,CIFAR10,ClusterSampler,0.2882419655348698,0
4,CIFAR10,ClusterSampler,0.7957555590302001,0
4,CIFAR10,ClusterSampler,0.12361416444626017,0
4,CIFAR10,ClusterSampler,0.4214843490985925,0
4,CIFAR10,ClusterSampler,0.7877309583457027,0
4,CIFAR10,ClusterSampler,0.175285711116118,0
4,CIFAR10,ClusterSampler,0.8127941662177284,0
4,CIFAR10,ClusterSampler,0.7438259280953792,0
4,CIFAR10,ClusterSampler,0.540118464148016,0
4,CIFAR10,ClusterSampler,0.12937199806537916,0
4,CIFAR10,ClusterSampler,0.5815459937790984,0
4,CIFAR10,ClusterSampler,0.11937003413762717,0
4,CIFAR10,ClusterSampler,0.17898043692953505,0
4,CIFAR10,ClusterSampler,0.43451300558078704,0
4,CIFAR10,ClusterSampler,0.989342087489927,0
4,CIFAR10,ClusterSampler,0.2716273076628654,0
4,CIFAR10,ClusterSampler,0.23375613193361108,0
4,CIFAR10,ClusterSampler,0.3174709595129229,0
4,CIFAR10,ClusterSampler,0.025262437947490845,0
4,CIFAR10,ClusterSampler,0.13243979884841528,0
4,CIFAR10,ClusterSampler,0.47621209548789095,0
4,CIFAR10,ClusterSampler,0.3078265087660201,0
4,CIFAR10,ClusterSampler,0.6624739626455648,0
4,CIFAR10,ClusterSampler,0.7869698319745209,0
4,CIFAR10,ClusterSampler,0.5451091501795323,0
4,CIFAR10,ClusterSampler,0.4549441065521866,0
4,CIFAR10,ClusterSampler,0.3256273674532508,0
4,CIFAR10,ClusterSampler,0.17020945880164082,0
4,CIFAR10,ClusterSampler,0.4685145661453422,0
4,CIFAR10,ClusterSampler,0.7902190038859831,0
4,CIFAR10,ClusterSampler,0.6357060219909453,0
4,CIFAR10,ClusterSampler,0.05587233091522672,0
4,CIFAR10,ClusterSampler,0.3258686532329648,0
4,CIFAR10,ClusterSampler,0.05711977827832304,0
4,CIFAR10,ClusterSampler,0.28248957975655165,0
4,CIFAR10,ClusterSampler,0.6311369246752118,0
4,CIFAR10,ClusterSampler,0.434966295184948,0
4,CIFAR10,ClusterSampler,0.19585313677483598,0
4,CIFAR10,ClusterSampler,0.014747099642220693,0
4,CIFAR10,ClusterSampler,0.048408501729987896,0
4,CIFAR10,ClusterSampler,0.5472185615028008,0
4,CIFAR10,ClusterSampler,0.4095632805897308,0
4,CIFAR10,ClusterSampler,0.9102906276452299,0
4,CIFAR10,ClusterSampler,0.3099797098006955,0
4,CIFAR10,ClusterSampler,0.5341886625810817,0
4,CIFAR10,ClusterSampler,0.8865880396850035,0
4,CIFAR10,ClusterSampler,0.18238579378808054,0
4,CIFAR10,ClusterSampler,0.9688232680388605,0
4,CIFAR10,ClusterSampler,0.06526729365434929,0
4,CIFAR10,ClusterSampler,0.4136254487941334,0
4,CIFAR10,ClusterSampler,0.2687437398672253,0
4,CIFAR10,ClusterSampler,0.07634050396101062,0
4,CIFAR10,ClusterSampler,0.7526877740768803,0
4,CIFAR10,ClusterSampler,0.5542047664067613,0
4,CIFAR10,ClusterSampler,0.4522934393045104,0
4,CIFAR10,ClusterSampler,0.0856448601823797,0
4,CIFAR10,ClusterSampler,0.022002543090423557,0
4,CIFAR10,ClusterSampler,0.14617895750758914,0
4,CIFAR10,ClusterSampler,0.02319250277724662,0
4,CIFAR10,ClusterSampler,0.17090908172469182,0
4,CIFAR10,ClusterSampler,0.10503104049761197,0
4,CIFAR10,ClusterSampler,0.18238579378808054,0
4,CIFAR10,ClusterSampler,0.9882410446119344,0
4,CIFAR10,ClusterSampler,0.28877335194848697,0
4,CIFAR10,ClusterSampler,0.14591818145347465,0
4,CIFAR10,ClusterSampler,0.6950597968052183,0
4,CIFAR10,ClusterSampler,0.16340296274041854,0
4,CIFAR10,ClusterSampler,0.3893479278694789,0
4,CIFAR10,ClusterSampler,0.1386275601843261,0
4,CIFAR10,ClusterSampler,0.8404318815036388,0
4,CIFAR10,ClusterSampler,0.5687153910233271,0
4,CIFAR10,ClusterSampler,0.09146824995556177,0
5,CIFAR10,RandomSampler,0.3681250636268805,0
5,CIFAR10,RandomSampler,0.21699364756785589,0
5,CIFAR10,RandomSampler,0.2542432872186433,0
5,CIFAR10,RandomSampler,0.018631833133441276,0
5,CIFAR10,RandomSampler,0.1773156506373374,0
5,CIFAR10,RandomSampler,0.5866333395014536,0
5,CIFAR10,RandomSampler,0.33565661456323553,0
5,CIFAR10,RandomSampler,0.8987098338579291,0
5,CIFAR10,RandomSampler,0.6387075288797157,0
5,CIFAR10,RandomSampler,0.16532564995125767,0
5,CIFAR10,RandomSampler,0.47747056382326136,0
5,CIFAR10,RandomSampler,0.7768510602354197,0
5,CIFAR10,RandomSampler,0.7282394222085559,0
5,CIFAR10,RandomSampler,0.018845387276571996,0
5,CIFAR10,RandomSampler,0.16629358249019416,0
5,CIFAR10,RandomSampler,0.05777729484470396,0
5,CIFAR10,RandomSampler,0.21833722110536627,0
5,CIFAR10,RandomSampler,0.6557238840804213,0
5,CIFAR10,RandomSampler,0.6882659051020159,0
5,CIFAR10,RandomSampler,0.273486371606612,0
5,CIFAR10,RandomSampler,0.596309064555131,0
5,CIFAR10,RandomSampler,0.32078246173420805,0
5,CIFAR10,RandomSampler,0.1740139335113399,0
5,CIFAR10,RandomSampler,0.05711977827832304,0
5,CIFAR10,RandomSampler,0.07654259387292317,0
5,CIFAR10,RandomSampler,0.2933421300421245,0
5,CIFAR10,RandomSampler,0.38579526019424015,0
5,CIFAR10,RandomSampler,0.8188466391791915,0
5,CIFAR10,RandomSampler,0.7625693219617364,0
5,CIFAR10,RandomSampler,0.31010831182436643,0
5,CIFAR10,RandomSampler,0.9807344529091048,0
5,CIFAR10,RandomSampler,0.03919440054166714,0
5,CIFAR10,RandomSampler,0.7651199519152181,0
5,CIFAR10,RandomSampler,0.5352362197910714,0
5,CIFAR10,RandomSampler,0.06303540402075712,0
5,CIFAR10,RandomSampler,0.1994441334755264,0
5,CIFAR10,RandomSampler,0.1330872407948401,0
5,CIFAR10,RandomSampler,0.5262447892746853,0
5,CIFAR10,RandomSampler,0.13887795454710097,0
5,CIFAR10,RandomSampler,0.8984386926479837,0
5,CIFAR10,RandomSampler,0.7929979691920933,0
5,CIFAR10,RandomSampler,0.3025485923602386,0
5,CIFAR10,RandomSampler,0.009110557737731393,0
5,CIFAR10,RandomSampler,0.11128129983677713,0
5,CIFAR10,RandomSampler,0.18799392476399157,0
5,CIFAR10,RandomSampler,0.7939991021278849,0
5,CIFAR10,RandomSampler,0.04632966077154528,0
5,CIFAR10,RandomSampler,0.08001933340281556,0
5,CIFAR10,RandomSampler,0.00958667078854872,0
5,CIFAR10,RandomSampler,0.7853356266366215,0
5,CIFAR10,RandomSampler,0.3835633799524722,0
5,CIFAR10,RandomSampler,0.3971829245363795,0
5,CIFAR10,RandomSampler,0.40602501730262314,0
5,CIFAR10,RandomSampler,0.013358750489722985,0
5,CIFAR10,RandomSampler,0.28278822561111644,0
5,CIFAR10,RandomSampler,0.08468201044664851,0
5,CIFAR10,RandomSampler,0.053566661339285976,0
5,CIFAR10,RandomSampler,0.11856679715612377,0
5,CIFAR10,RandomSampler,0.0860952779274839,0
5,CIFAR10,RandomSampler,0.15412480763129813,0
5,CIFAR10,RandomSampler,0.5247929013228978,0
5,CIFAR10,RandomSampler,0.3767791294201859,0
5,CIFAR10,RandomSampler,0.07821497085248323,0
5,CIFAR10,RandomSampler,0.18134629994301416,0
5,CIFAR10,RandomSampler,0.4882641359530891,0
5,CIFAR10,RandomSampler,0.8827946708669905,0
5,CIFAR10,RandomSampler,0.15534175698572447,0
5,CIFAR10,RandomSampler,0.19001346372848416,0
5,CIFAR10,RandomSampler,0.8327315438862334,0
5,CIFAR10,RandomSampler,0.09748558121924895,0
5,CIFAR10,RandomSampler,0.720114781232623,0
5,CIFAR10,RandomSampler,0.028845592864242726,0
5,CIFAR10,RandomSampler,0.07659855938618781,0
5,CIFAR10,RandomSampler,0.053227675374009555,0
5,CIFAR10,RandomSampler,0.04303289383794357,0
5,CIFAR10,RandomSampler,0.6106018318928033,0
5,CIFAR10,RandomSampler,0.010672801765320265,0
5,CIFAR10,RandomSampler,0.0006484417308021433,0
5,CIFAR10,RandomSampler,0.07430177101822673,0
5,CIFAR10,RandomSampler,0.24029384168146875,0
5,CIFAR10,RandomSampler,0.15525500179239682,0
5,CIFAR10,RandomSampler,0.0015795533913388346,0
5,CIFAR10,RandomSampler,0.5479982924062446,0
5,CIFAR10,RandomSampler,0.053651377221404034,0
5,CIFAR10,RandomSampler,0.2348599360061602,0
5,CIFAR10,RandomSampler,0.25976099694570803,0
5,CIFAR10,RandomSampler,0.030558017642976068,0
5,CIFAR10,RandomSampler,0.8411392987427913,0
5,CIFAR10,RandomSampler,0.0015856092545787832,0
5,CIFAR10,RandomSampler,0.07634050396101062,0
5,CIFAR10,RandomSampler,0.261789059530638,0
5,CIFAR10,RandomSampler,0.2329810647074459,0
5,CIFAR10,RandomSampler,0.6006172201083286,0
5,CIFAR10,RandomSampler,0.09406768435276552,0
5,CIFAR10,RandomSampler,0.8631415381323526,0
5,CIFAR10,RandomSampler,0.6516794889347276,0
5,CIFAR10,RandomSampler,0.11085918019991145,0
5,CIFAR10,RandomSampler,0.5767073002118869,0
5,CIFAR10,RandomSampler,0.29943683326018655,0
5,CIFAR10,RandomSampler,0.1606282573873423,0
6,MNIST,ClassOrderSampler,7.784006648926357e-10,0
6,MNIST,ClassOrderSampler,8.622306162324236e-08,0
6,MNIST,ClassOrderSampler,4.6738876070270765e-07,0
6,MNIST,ClassOrderSampler,1.5515096528802362e-07,0
6,MNIST,ClassOrderSampler,1.7055668220670786e-06,0
6,MNIST,ClassOrderSampler,1.5243772278907605e-08,0
6,MNIST,ClassOrderSampler,5.376088375139569e-09,0
6,MNIST,ClassOrderSampler,2.1980825717904966e-10,0
6,MNIST,ClassOrderSampler,7.190934195480277e-08,0
6,MNIST,ClassOrderSampler,6.867846557690357e-08,0
6,MNIST,ClassOrderSampler,3.780696991387087e-09,0
6,MNIST,ClassOrderSampler,3.3025198914401608e-09,0
6,MNIST,ClassOrderSampler,1.34377022175074e-11,0
6,MNIST,ClassOrderSampler,1.0910584886050556e-07,0
6,MNIST,ClassOrderSampler,1.071392158956406e-06,0
6,MNIST,ClassOrderSampler,4.816387045265015e-07,0
6,MNIST,ClassOrderSampler,1.4319870177484722e-06,0
6,MNIST,ClassOrderSampler,1.3901619364855824e-07,0
6,MNIST,ClassOrderSampler,3.1812966930740063e-10,0
6,MNIST,ClassOrderSampler,2.752747393814588e-07,0
6,MNIST,ClassOrderSampler,7.769661916766659e-09,0
6,MNIST,ClassOrderSampler,1.6400180219428383e-06,0
6,MNIST,ClassOrderSampler,4.980628662120858e-10,0
6,MNIST,ClassOrderSampler,8.206746752568795e-06,0
6,MNIST,ClassOrderSampler,4.515208621412666e-09,0
6,MNIST,ClassOrderSampler,8.345306583650247e-10,0
6,MNIST,ClassOrderSampler,3.847069539638991e-06,0
6,MNIST,ClassOrderSampler,2.269207867498479e-08,0
6,MNIST,ClassOrderSampler,9.226029895126041e-08,0
6,MNIST,ClassOrderSampler,2.4249448091440896e-07,0
6,MNIST,ClassOrderSampler,2.0781319821663906e-11,0
6,MNIST,ClassOrderSampler,3.729661823274284e-11,0
6,MNIST,ClassOrderSampler,1.0608445751394325e-09,0
6,MNIST,ClassOrderSampler,1.2418033619234257e-10,0
6,MNIST,ClassOrderSampler,4.143135082828353e-08,0
6,MNIST,ClassOrderSampler,8.147326567780439e-08,0
6,MNIST,ClassOrderSampler,5.536421014253525e-07,0
6,MNIST,ClassOrderSampler,1.1205428338362944e-06,0
6,MNIST,ClassOrderSampler,8.921576657761125e-09,0
6,MNIST,ClassOrderSampler,8.41002701394117e-06,0
6,MNIST,ClassOrderSampler,3.3528136786193545e-09,0
6,MNIST,ClassOrderSampler,3.17387979597567e-08,0
6,MNIST,ClassOrderSampler,3.3329339636290454e-08,0
6,MNIST,ClassOrderSampler,1.3017465779221902e-06,0
6,MNIST,ClassOrderSampler,8.921576657761125e-09,0
6,MNIST,ClassOrderSampler,4.717874661825191e-09,0
6,MNIST,ClassOrderSampler,5.7016555121838557e-08,0
6,MNIST,ClassOrderSampler,8.604798351059427e-07,0
6,MNIST,ClassOrderSampler,2.070013422536483e-07,0
6,MNIST,ClassOrderSampler,9.83143385019341e-11,0
6,MNIST,ClassOrderSampler,2.62536510329615e-09,0
6,MNIST,ClassOrderSampler,2.6902543404805437e-06,0
6,MNIST,ClassOrderSampler,1.827405551954098e-09,0
6,MNIST,ClassOrderSampler,3.684690867436948e-06,0
6,MNIST,ClassOrderSampler,3.5609662051660953e-09,0
6,MNIST,ClassOrderSampler,8.44346168675999e-09,0
6,MNIST,ClassOrderSampler,1.152625117191957e-06,0
6,MNIST,ClassOrderSampler,1.406849700192791e-07,0
6,MNIST,ClassOrderSampler,1.7696955359144491e-12,0
6,MNIST,ClassOrderSampler,8.819363887319758e-08,0
6,MNIST,ClassOrderSampler,2.0432840863923215e-09,0
6,MNIST,ClassOrderSampler,6.806036340223237e-07,0
6,MNIST,ClassOrderSampler,7.522878267415177e-08,0
6,MNIST,ClassOrderSampler,1.0910584886050556e-07,0
6,MNIST,ClassOrderSampler,4.384496728808617e-09,0
6,MNIST,ClassOrderSampler,1.2340922178691486e-09,0
6,MNIST,ClassOrderSampler,1.1846309032518816e-05,0
6,MNIST,ClassOrderSampler,2.114372052519054e-07,0
6,MNIST,ClassOrderSampler,1.303100748271105e-07,0
6,MNIST,ClassOrderSampler,6.336470090579244e-06,0
6,MNIST,ClassOrderSampler,2.9464007894693727e-10,0
6,MNIST,ClassOrderSampler,8.240342558108838e-08,0
6,MNIST,ClassOrderSampler,1.534780422544718e-07,0
6,MNIST,ClassOrderSampler,1.3174742469738456e-07,0
6,MNIST,ClassOrderSampler,5.376088375139569e-09,0
6,MNIST,ClassOrderSampler,2.0767837499674224e-08,0
6,MNIST,ClassOrderSampler,1.7079303971657412e-07,0
6,MNIST,ClassOrderSampler,9.911326612726037e-10,0
6,MNIST,ClassOrderSampler,1.5002314958055038e-07,0
6,MNIST,ClassOrderSampler,9.226029895126041e-08,0
6,MNIST,ClassOrderSampler,2.7806017287792457e-10,0
6,MNIST,ClassOrderSampler,6.029566766787548e-09,0
6,MNIST,ClassOrderSampler,6.863476858526605e-08,0
6,MNIST,ClassOrderSampler,1.5002314958055038e-07,0
6,MNIST,ClassOrderSampler,6.643325957505888e-10,0
6,MNIST,ClassOrderSampler,1.2776962902025975e-06,0
6,MNIST,ClassOrderSampler,6.029566766787548e-09,0
6,MNIST,ClassOrderSampler,1.818029066033451e-06,0
6,MNIST,ClassOrderSampler,1.2776962902025975e-06,0
6,MNIST,ClassOrderSampler,1.0213821445211643e-07,0
6,MNIST,ClassOrderSampler,1.4318310338705034e-05,0
6,MNIST,ClassOrderSampler,8.616103491558434e-06,0
6,MNIST,ClassOrderSampler,3.29250058006938e-08,0
6,MNIST,ClassOrderSampler,2.5131323438522132e-06,0
6,MNIST,ClassOrderSampler,2.0481598969339503e-07,0
6,MNIST,ClassOrderSampler,1.0789480306666685e-09,0
6,MNIST,ClassOrderSampler,2.4164617585080228e-08,0
6,MNIST,ClassOrderSampler,5.944137890163878e-09,0
6,MNIST,ClassOrderSampler,2.6366161156934864e-07,0
6,MNIST,ClassOrderSampler,5.5051266974952697e-08,0
7,MNIST,ClusterSampler,3.379264343826853e-07,0
7,MNIST,ClusterSampler,6.043615668770651e-08,0
7,MNIST,ClusterSampler,2.5060152723903305e-09,0
7,MNIST,ClusterSampler,4.257207742313749e-09,0
7,MNIST,ClusterSampler,6.185613513643293e-08,0
7,MNIST,ClusterSampler,6.526365828457616e-10,0
7,MNIST,ClusterSampler,2.0050945625072172e-07,0
7,MNIST,ClusterSampler,1.9025261698572443e-06,0
7,MNIST,ClusterSampler,2.0767837499674224e-08,0
7,MNIST,ClusterSampler,1.4722866147332288e-06,0
7,MNIST,ClusterSampler,3.473125952887646e-11,0
7,MNIST,ClusterSampler,1.740617967473069e-11,0
7,MNIST,ClusterSampler,5.443908636925825e-08,0
7,MNIST,ClusterSampler,1.2159862442119218e-10,0
7,MNIST,ClusterSampler,1.422281309708054e-07,0
7,MNIST,ClusterSampler,1.691567557935764e-07,0
7,MNIST,ClusterSampler,6.114234760715015e-08,0
7,MNIST,ClusterSampler,1.2675780237321125e-08,0
7,MNIST,ClusterSampler,5.113586919444566e-07,0
7,MNIST,ClusterSampler,1.1995903663477196e-06,0
7,MNIST,ClusterSampler,1.1159915016978065e-09,0
7,MNIST,ClusterSampler,2.2796894862361932e-07,0
7,MNIST,ClusterSampler,1.3500784647437e-10,0
7,MNIST,ClusterSampler,3.3528136786193545e-09,0
7,MNIST,ClusterSampler,0.0001620857723130561,0
7,MNIST,ClusterSampler,6.122725749546343e-07,0
7,MNIST,ClusterSampler,2.6979436015785617e-06,0
7,MNIST,ClusterSampler,2.6046563236629405e-08,0
7,MNIST,ClusterSampler,2.4249448091440896e-07,0
7,MNIST,ClusterSampler,5.0008581091241345e-09,0
7,MNIST,ClusterSampler,3.4140707706439787e-07,0
7,MNIST,ClusterSampler,1.2548339039611017e-09,0
7,MNIST,ClusterSampler,6.609438734367882e-07,0
7,MNIST,ClusterSampler,8.942775990686755e-10,0
7,MNIST,ClusterSampler,4.7234272397072646e-08,0
7,MNIST,ClusterSampler,7.912252736711633e-11,0
7,MNIST,ClusterSampler,1.3798445168481892e-06,0
7,MNIST,ClusterSampler,2.1980825717904966e-10,0
7,MNIST,ClusterSampler,2.3869206454336538e-08,0
7,MNIST,ClusterSampler,3.1210448617165637e-10,0
7,MNIST,ClusterSampler,8.422600837972021e-07,0
7,MNIST,ClusterSampler,1.002605967919725e-06,0
7,MNIST,ClusterSampler,8.921576657761125e-09,0
7,MNIST,ClusterSampler,6.494345839970658e-07,0
7,MNIST,ClusterSampler,1.7644092225266914e-06,0
7,MNIST,ClusterSampler,4.356496705702402e-07,0
7,MNIST,ClusterSampler,2.6430876578435776e-06,0
7,MNIST,ClusterSampler,3.059182839273777e-08,0
7,MNIST,ClusterSampler,1.131143676596293e-06,0
7,MNIST,ClusterSampler,9.169706556789117e-09,0
7,MNIST,ClusterSampler,3.177261816030954e-07,0
7,MNIST,ClusterSampler,6.2037595219816464e-09,0
7,MNIST,ClusterSampler,3.56239832844151e-07,0
7,MNIST,ClusterSampler,3.29742541908185e-12,0
7,MNIST,ClusterSampler,1.3016783125501894e-08,0
7,MNIST,ClusterSampler,2.0432840863923215e-09,0
7,MNIST,ClusterSampler,1.406849700192791e-07,0
7,MNIST,ClusterSampler,1.585207164953789e-08,0
7,MNIST,ClusterSampler,1.0365467495093524e-08,0
7,MNIST,ClusterSampler,2.354487381557687e-09,0
7,MNIST,ClusterSampler,2.327656616842174e-08,0
7,MNIST,ClusterSampler,8.240342558108838e-08,0
7,MNIST,ClusterSampler,1.6930264610889726e-10,0
7,MNIST,ClusterSampler,9.435802008417656e-08,0
7,MNIST,ClusterSampler,1.0091889097053967e-07,0
7,MNIST,ClusterSampler,1.0649657411103792e-08,0
7,MNIST,ClusterSampler,4.768444353454559e-07,0
7,MNIST,ClusterSampler,4.857507225114155e-09,0
7,MNIST,ClusterSampler,4.836631272274596e-08,0
7,MNIST,ClusterSampler,9.129878180095188e-08,0
7,MNIST,ClusterSampler,1.7644092225266914e-06,0
7,MNIST,ClusterSampler,1.7277908648074333e-10,0
7,MNIST,ClusterSampler,4.504290140658653e-08,0
7,MNIST,ClusterSampler,3.8195971127486386e-07,0
7,MNIST,ClusterSampler,2.425240474984376e-06,0
7,MNIST,ClusterSampler,8.240342558108838e-08,0
7,MNIST,ClusterSampler,6.526365828457616e-10,0
7,MNIST,ClusterSampler,4.581873770828036e-09,0
7,MNIST,ClusterSampler,3.556658624133046e-07,0
7,MNIST,ClusterSampler,1.6377248478922957e-07,0
7,MNIST,ClusterSampler,6.863476858526605e-08,0
7,MNIST,ClusterSampler,2.114372052519054e-07,0
7,MNIST,ClusterSampler,1.7696195171954064e-09,0
7,MNIST,ClusterSampler,4.581873770828036e-09,0
7,MNIST,ClusterSampler,9.952052080158196e-09,0
7,MNIST,ClusterSampler,3.710849141399535e-07,0
7,MNIST,ClusterSampler,1.0028922952519497e-11,0
7,MNIST,ClusterSampler,4.356496705702402e-07,0
7,MNIST,ClusterSampler,7.385585343411902e-10,0
7,MNIST,ClusterSampler,4.504290140658653e-08,0
7,MNIST,ClusterSampler,7.190934195480277e-08,0
7,MNIST,ClusterSampler,1.5363053489295494e-05,0
7,MNIST,ClusterSampler,3.7023029737853417e-10,0
7,MNIST,ClusterSampler,2.9464007894693727e-10,0
7,MNIST,ClusterSampler,1.8787009058967863e-11,0
7,MNIST,ClusterSampler,1.553426582085437e-05,0
7,MNIST,ClusterSampler,5.5051266974952697e-08,0
7,MNIST,ClusterSampler,5.714184426989857e-07,0
7,MNIST,ClusterSampler,6.630266894263468e-08,0
7,MNIST,ClusterSampler,2.092083478060665e-07,0
8,MNIST,RandomSampler,6.261474252857794e-08,0
8,MNIST,RandomSampler,4.890399866016154e-10,0
8,MNIST,RandomSampler,2.835701551699667e-09,0
8,MNIST,RandomSampler,2.5850249396310224e-09,0
8,MNIST,RandomSampler,2.0767837499674224e-08,0
8,MNIST,RandomSampler,1.7098773305551613e-07,0
8,MNIST,RandomSampler,1.732516865859807e-06,0
8,MNIST,RandomSampler,5.591502814909463e-07,0
8,MNIST,RandomSampler,6.355512653255238e-07,0
8,MNIST,RandomSampler,1.5306564886237102e-11,0
8,MNIST,RandomSampler,8.240342558108838e-08,0
8,MNIST,RandomSampler,2.3529278428120716e-12,0
8,MNIST,RandomSampler,3.7023029737853417e-10,0
8,MNIST,RandomSampler,1.3906031663474959e-08,0
8,MNIST,RandomSampler,6.2037595219816464e-09,0
8,MNIST,RandomSampler,1.6201339126885318e-07,0
8,MNIST,RandomSampler,5.356720274017647e-10,0
8,MNIST,RandomSampler,1.4656763363805097e-08,0
8,MNIST,RandomSampler,2.8764177065969377e-08,0
8,MNIST,RandomSampler,1.008162646902404e-09,0
8,MNIST,RandomSampler,1.7277908648074333e-10,0
8,MNIST,RandomSampler,2.8061507430361325e-08,0
8,MNIST,RandomSampler,1.1752483899106319e-05,0
8,MNIST,RandomSampler,1.0996171820005663e-06,0
8,MNIST,RandomSampler,1.5837450027676717e-07,0
8,MNIST,RandomSampler,8.921576657761125e-09,0
8,MNIST,RandomSampler,3.5653193120710474e-10,0
8,MNIST,RandomSampler,9.560079119108427e-07,0
8,MNIST,RandomSampler,4.143135082828353e-08,0
8,MNIST,RandomSampler,9.330370692065375e-08,0
8,MNIST,RandomSampler,2.8764177065969377e-08,0
8,MNIST,RandomSampler,3.780696991387087e-09,0
8,MNIST,RandomSampler,1.4855919131671169e-07,0
8,MNIST,RandomSampler,6.565850308209411e-09,0
8,MNIST,RandomSampler,1.5238007172413928e-06,0
8,MNIST,RandomSampler,6.3824854609148225e-09,0
8,MNIST,RandomSampler,9.573206926025363e-06,0
8,MNIST,RandomSampler,1.1021916849168644e-06,0
8,MNIST,RandomSampler,2.3038473182406585e-07,0
8,MNIST,RandomSampler,1.0803037069970865e-12,0
8,MNIST,RandomSampler,1.3901619364855824e-07,0
8,MNIST,RandomSampler,4.226709160492928e-07,0
8,MNIST,RandomSampler,2.1980825717904966e-10,0
8,MNIST,RandomSampler,1.3466633904278004e-07,0
8,MNIST,RandomSampler,2.9725481205185476e-06,0
8,MNIST,RandomSampler,8.491204373263443e-10,0
8,MNIST,RandomSampler,1.6860217347679855e-09,0
8,MNIST,RandomSampler,2.029047936562926e-07,0
8,MNIST,RandomSampler,2.7203295489349535e-07,0
8,MNIST,RandomSampler,3.4554774762858686e-09,0
8,MNIST,RandomSampler,2.7806017287792457e-10,0
8,MNIST,RandomSampler,3.2150919115899534e-07,0
8,MNIST,RandomSampler,1.7696195171954064e-09,0
8,MNIST,RandomSampler,2.4185408110887887e-06,0
8,MNIST,RandomSampler,2.5228451283818573e-10,0
8,MNIST,RandomSampler,2.3179188312749092e-09,0
8,MNIST,RandomSampler,1.3016783125501894e-08,0
8,MNIST,RandomSampler,4.890399866016154e-10,0
8,MNIST,RandomSampler,1.1935320820697691e-09,0
8,MNIST,RandomSampler,4.384496728808617e-09,0
8,MNIST,RandomSampler,8.240342558108838e-08,0
8,MNIST,RandomSampler,4.226709160492928e-07,0
8,MNIST,RandomSampler,1.2675780237321125e-08,0
8,MNIST,RandomSampler,3.373821610880888e-08,0
8,MNIST,RandomSampler,1.5046172564519718e-09,0
8,MNIST,RandomSampler,1.8363707727783327e-05,0
8,MNIST,RandomSampler,2.8695809248114535e-07,0
8,MNIST,RandomSampler,9.048294707505904e-06,0
8,MNIST,RandomSampler,2.467331999040725e-09,0
8,MNIST,RandomSampler,3.5609662051660953e-09,0
8,MNIST,RandomSampler,1.436383391419401e-07,0
8,MNIST,RandomSampler,3.182151930431358e-07,0
8,MNIST,RandomSampler,5.1332433653180744e-08,0
8,MNIST,RandomSampler,2.130876448718827e-11,0
8,MNIST,RandomSampler,4.669928991351616e-08,0
8,MNIST,RandomSampler,3.2150919115899534e-07,0
8,MNIST,RandomSampler,5.886066880341498e-07,0
8,MNIST,RandomSampler,8.921576657761125e-09,0
8,MNIST,RandomSampler,1.0365467495093524e-08,0
8,MNIST,RandomSampler,9.129878180095188e-08,0
8,MNIST,RandomSampler,1.3016783125501894e-08,0
8,MNIST,RandomSampler,2.6921542963151194e-07,0
8,MNIST,RandomSampler,5.561371977356729e-06,0
8,MNIST,RandomSampler,1.5545629498542135e-09,0
8,MNIST,RandomSampler,1.600957065175539e-07,0
8,MNIST,RandomSampler,3.7023029737853417e-10,0
8,MNIST,RandomSampler,1.5002314958055038e-07,0
8,MNIST,RandomSampler,7.517087976065962e-07,0
8,MNIST,RandomSampler,3.585239458933518e-08,0
8,MNIST,RandomSampler,8.752340903730136e-07,0
8,MNIST,RandomSampler,1.0649657411103792e-08,0
8,MNIST,RandomSampler,1.4997345632574221e-06,0
8,MNIST,RandomSampler,4.890399866016154e-10,0
8,MNIST,RandomSampler,3.5609662051660953e-09,0
8,MNIST,RandomSampler,7.649101379262569e-10,0
8,MNIST,RandomSampler,2.37871807564104e-10,0
8,MNIST,RandomSampler,5.9079770221856864e-08,0
8,MNIST,RandomSampler,4.669928991351616e-08,0
8,MNIST,RandomSampler,6.753962006060622e-09,0
8,MNIST,RandomSampler,1.0262114742580125e-10,0
9,EMNIST,ClassOrderSampler,1.1205428338362944e-06,0
9,EMNIST,ClassOrderSampler,6.526365828457616e-10,0
9,EMNIST,ClassOrderSampler,2.706210083212543e-05,0
9,EMNIST,ClassOrderSampler,4.717874661825191e-09,0
9,EMNIST,ClassOrderSampler,7.696622825106634e-08,0
9,EMNIST,ClassOrderSampler,6.1291037826507736e-06,0
9,EMNIST,ClassOrderSampler,2.6902543404805437e-06,0
9,EMNIST,ClassOrderSampler,2.2481131930916076e-05,0
9,EMNIST,ClassOrderSampler,3.177261816030954e-07,0
9,EMNIST,ClassOrderSampler,1.7167719083097047e-06,0
9,EMNIST,ClassOrderSampler,1.3016783125501894e-08,0
9,EMNIST,ClassOrderSampler,1.3339946754952765e-05,0
9,EMNIST,ClassOrderSampler,7.874066261526002e-08,0
9,EMNIST,ClassOrderSampler,0.00014399668900905808,0
9,EMNIST,ClassOrderSampler,1.626977743786003e-08,0
9,EMNIST,ClassOrderSampler,7.874066261526002e-08,0
9,EMNIST,ClassOrderSampler,1.034216800970029e-05,0
9,EMNIST,ClassOrderSampler,1.111480380647286e-05,0
9,EMNIST,ClassOrderSampler,2.003361977610196e-06,0
9,EMNIST,ClassOrderSampler,3.1556912160423667e-09,0
9,EMNIST,ClassOrderSampler,9.379381155637703e-07,0
9,EMNIST,ClassOrderSampler,7.874066261526002e-08,0
9,EMNIST,ClassOrderSampler,4.269566579036969e-07,0
9,EMNIST,ClassOrderSampler,3.0966624161746675e-06,0
9,EMNIST,ClassOrderSampler,2.62324722565803e-10,0
9,EMNIST,ClassOrderSampler,1.6536408075175804e-07,0
9,EMNIST,ClassOrderSampler,1.0938608812968981e-05,0
9,EMNIST,ClassOrderSampler,3.29250058006938e-08,0
9,EMNIST,ClassOrderSampler,6.029566766787548e-09,0
9,EMNIST,ClassOrderSampler,7.55611617949385e-09,0
9,EMNIST,ClassOrderSampler,3.177261816030954e-07,0
9,EMNIST,ClassOrderSampler,1.0003213126837762e-06,0
9,EMNIST,ClassOrderSampler,2.240758526216233e-08,0
9,EMNIST,ClassOrderSampler,1.827405551954098e-09,0
9,EMNIST,ClassOrderSampler,7.315743060861484e-06,0
9,EMNIST,ClassOrderSampler,3.0496219283633465e-05,0
9,EMNIST,ClassOrderSampler,4.488229124660281e-06,0
9,EMNIST,ClassOrderSampler,2.3970872451041043e-06,0
9,EMNIST,ClassOrderSampler,4.097804214113676e-06,0
9,EMNIST,ClassOrderSampler,3.6637680453875044e-06,0
9,EMNIST,ClassOrderSampler,5.0459970573371326e-05,0
9,EMNIST,ClassOrderSampler,7.722414620692795e-07,0
9,EMNIST,ClassOrderSampler,9.432499791887896e-05,0
9,EMNIST,ClassOrderSampler,1.691567557935764e-07,0
9,EMNIST,ClassOrderSampler,8.622306162324236e-08,0
9,EMNIST,ClassOrderSampler,4.5433682903091285e-07,0
9,EMNIST,ClassOrderSampler,8.781406682250147e-05,0
9,EMNIST,ClassOrderSampler,1.179078713783654e-05,0
9,EMNIST,ClassOrderSampler,1.0628359351139281e-05,0
9,EMNIST,ClassOrderSampler,3.177261816030954e-07,0
9,EMNIST,ClassOrderSampler,8.334338897795934e-08,0
9,EMNIST,ClassOrderSampler,2.208621601843665e-07,0
9,EMNIST,ClassOrderSampler,2.5737733851229614e-06,0
9,EMNIST,ClassOrderSampler,5.268499978170256e-07,0
9,EMNIST,ClassOrderSampler,1.051304965602781e-06,0
9,EMNIST,ClassOrderSampler,5.07395550336057e-09,0
9,EMNIST,ClassOrderSampler,1.65889286308314e-10,0
9,EMNIST,ClassOrderSampler,4.7797211996848676e-08,0
9,EMNIST,ClassOrderSampler,1.5002314958055038e-07,0
9,EMNIST,ClassOrderSampler,1.1995903663477196e-06,0
9,EMNIST,ClassOrderSampler,5.012676347685817e-07,0
9,EMNIST,ClassOrderSampler,4.6738876070270765e-07,0
9,EMNIST,ClassOrderSampler,2.153037896205852e-06,0
9,EMNIST,ClassOrderSampler,8.266621923603019e-11,0
9,EMNIST,ClassOrderSampler,9.966944130391378e-06,0
9,EMNIST,ClassOrderSampler,1.0302937240839694e-11,0
9,EMNIST,ClassOrderSampler,8.408246463607623e-06,0
9,EMNIST,ClassOrderSampler,8.921669382734481e-07,0
9,EMNIST,ClassOrderSampler,3.1055890204964726e-06,0
9,EMNIST,ClassOrderSampler,1.5849517547879054e-06,0
9,EMNIST,ClassOrderSampler,7.769661916766659e-09,0
9,EMNIST,ClassOrderSampler,9.97968946811543e-08,0
9,EMNIST,ClassOrderSampler,3.673206316381661e-07,0
9,EMNIST,ClassOrderSampler,6.220630883118486e-05,0
9,EMNIST,ClassOrderSampler,1.841107940954543e-07,0
9,EMNIST,ClassOrderSampler,0.0002833220890727606,0
9,EMNIST,ClassOrderSampler,8.029099339513067e-05,0
9,EMNIST,ClassOrderSampler,8.253991244048667e-05,0
9,EMNIST,ClassOrderSampler,1.4707077249168418e-05,0
9,EMNIST,ClassOrderSampler,5.973748752135155e-08,0
9,EMNIST,ClassOrderSampler,5.406301625906306e-06,0
9,EMNIST,ClassOrderSampler,1.2596415852805095e-07,0
9,EMNIST,ClassOrderSampler,2.3038473182406585e-07,0
9,EMNIST,ClassOrderSampler,9.998422903856219e-05,0
9,EMNIST,ClassOrderSampler,5.9678924008116786e-05,0
9,EMNIST,ClassOrderSampler,1.23259721106347e-05,0
9,EMNIST,ClassOrderSampler,3.5286890010671596e-06,0
9,EMNIST,ClassOrderSampler,9.343955032883456e-06,0
9,EMNIST,ClassOrderSampler,9.290226102542884e-07,0
9,EMNIST,ClassOrderSampler,2.532234862287683e-07,0
9,EMNIST,ClassOrderSampler,4.737946538955099e-06,0
9,EMNIST,ClassOrderSampler,2.5285042723750063e-06,0
9,EMNIST,ClassOrderSampler,1.103243692419992e-07,0
9,EMNIST,ClassOrderSampler,0.0001077225473296364,0
9,EMNIST,ClassOrderSampler,1.7583680906963597e-08,0
9,EMNIST,ClassOrderSampler,4.836631272274596e-08,0
9,EMNIST,ClassOrderSampler,5.443908636925825e-08,0
9,EMNIST,ClassOrderSampler,2.5101864957044044e-05,0
9,EMNIST,ClassOrderSampler,0.00015997723056596032,0
9,EMNIST,ClassOrderSampler,8.622306162324236e-08,0
10,EMNIST,ClusterSampler,9.90863706586352e-07,0
10,EMNIST,ClusterSampler,2.435535362972918e-05,0
10,EMNIST,ClusterSampler,1.446570690610353e-08,0
10,EMNIST,ClusterSampler,1.6032504011748723e-05,0
10,EMNIST,ClusterSampler,2.158879512342784e-06,0
10,EMNIST,ClusterSampler,1.8787009058967863e-11,0
10,EMNIST,ClusterSampler,2.6271487907681945e-06,0
10,EMNIST,ClusterSampler,4.515208621412666e-09,0
10,EMNIST,ClusterSampler,2.9253688435424217e-07,0
10,EMNIST,ClusterSampler,1.6697468957380298e-08,0
10,EMNIST,ClusterSampler,3.160392347994976e-06,0
10,EMNIST,ClusterSampler,7.078616036186928e-06,0
10,EMNIST,ClusterSampler,6.863476858526605e-08,0
10,EMNIST,ClusterSampler,4.825128582915374e-07,0
10,EMNIST,ClusterSampler,9.43087483559729e-13,0
10,EMNIST,ClusterSampler,6.28402632364494e-06,0
10,EMNIST,ClusterSampler,7.780028422374614e-05,0
10,EMNIST,ClusterSampler,7.196272372786355e-06,0
10,EMNIST,ClusterSampler,4.3128279225691155e-07,0
10,EMNIST,ClusterSampler,1.2423927447352099e-06,0
10,EMNIST,ClusterSampler,7.797452598157989e-07,0
10,EMNIST,ClusterSampler,6.687917814837732e-07,0
10,EMNIST,ClusterSampler,1.0938608812968981e-05,0
10,EMNIST,ClusterSampler,5.021906522702996e-07,0
10,EMNIST,ClusterSampler,4.4257194186240555e-06,0
10,EMNIST,ClusterSampler,1.8751570820478087e-08,0
10,EMNIST,ClusterSampler,1.7358205018884866e-08,0
10,EMNIST,ClusterSampler,5.561371977356729e-06,0
10,EMNIST,ClusterSampler,4.7126808306144297e-11,0
10,EMNIST,ClusterSampler,1.0194884259793806e-06,0
10,EMNIST,ClusterSampler,9.553629431170697e-09,0
10,EMNIST,ClusterSampler,5.3775927312189317e-08,0
10,EMNIST,ClusterSampler,1.272263892512769e-05,0
10,EMNIST,ClusterSampler,3.901784799019397e-05,0
10,EMNIST,ClusterSampler,1.3386104428977911e-06,0
10,EMNIST,ClusterSampler,1.2675780237321125e-08,0
10,EMNIST,ClusterSampler,1.3750640017982645e-07,0
10,EMNIST,ClusterSampler,6.863476858526605e-08,0
10,EMNIST,ClusterSampler,5.113586919444566e-07,0
10,EMNIST,ClusterSampler,6.244344082090859e-07,0
10,EMNIST,ClusterSampler,2.3745545129548342e-07,0
10,EMNIST,ClusterSampler,1.8853409774559041e-06,0
10,EMNIST,ClusterSampler,4.526603419187245e-06,0
10,EMNIST,ClusterSampler,4.928712389733687e-09,0
10,EMNIST,ClusterSampler,0.0001191661487797174,0
10,EMNIST,ClusterSampler,4.890399866016154e-10,0
10,EMNIST,ClusterSampler,1.0713845625862457e-05,0
10,EMNIST,ClusterSampler,1.2675780237321125e-08,0
10,EMNIST,ClusterSampler,1.6896526651928897e-07,0
10,EMNIST,ClusterSampler,1.2735611358739787e-07,0
10,EMNIST,ClusterSampler,4.922603188310686e-07,0
10,EMNIST,ClusterSampler,0.0001584740732437922,0
10,EMNIST,ClusterSampler,3.1328795855075545e-06,0
10,EMNIST,ClusterSampler,7.755935928335835e-05,0
10,EMNIST,ClusterSampler,1.3306777176566675e-07,0
10,EMNIST,ClusterSampler,5.5051266974952697e-08,0
10,EMNIST,ClusterSampler,3.2768154269366807e-07,0
10,EMNIST,ClusterSampler,1.097415472763937e-05,0
10,EMNIST,ClusterSampler,9.90863706586352e-07,0
10,EMNIST,ClusterSampler,1.2563752322437876e-05,0
10,EMNIST,ClusterSampler,6.652880672639662e-05,0
10,EMNIST,ClusterSampler,3.4902626475897773e-07,0
10,EMNIST,ClusterSampler,5.63543956593285e-08,0
10,EMNIST,ClusterSampler,3.080527605615865e-07,0
10,EMNIST,ClusterSampler,5.316146744797578e-06,0
10,EMNIST,ClusterSampler,1.566704840258978e-07,0
10,EMNIST,ClusterSampler,4.9190354386439304e-05,0
10,EMNIST,ClusterSampler,0.0002261413533874508,0
10,EMNIST,ClusterSampler,1.0225965441108343e-08,0
10,EMNIST,ClusterSampler,8.942775990686755e-10,0
10,EMNIST,ClusterSampler,2.184833510783136e-08,0
10,EMNIST,ClusterSampler,7.769661916766659e-09,0
10,EMNIST,ClusterSampler,4.7234272397072646e-08,0
10,EMNIST,ClusterSampler,3.7426840505743663e-07,0
10,EMNIST,ClusterSampler,4.612663066580267e-08,0
10,EMNIST,ClusterSampler,3.599752392673604e-05,0
10,EMNIST,ClusterSampler,1.1515888843127173e-05,0
10,EMNIST,ClusterSampler,9.017203673295977e-06,0
10,EMNIST,ClusterSampler,3.29250058006938e-08,0
10,EMNIST,ClusterSampler,6.863476858526605e-08,0
10,EMNIST,ClusterSampler,0.00012240157854205772,0
10,EMNIST,ClusterSampler,8.147326567780439e-08,0
10,EMNIST,ClusterSampler,1.827405551954098e-09,0
10,EMNIST,ClusterSampler,1.480190227581276e-09,0
10,EMNIST,ClusterSampler,6.029566766787548e-09,0
10,EMNIST,ClusterSampler,3.556658624133046e-07,0
10,EMNIST,ClusterSampler,3.136239554408278e-08,0
10,EMNIST,ClusterSampler,8.586000920399337e-07,0
10,EMNIST,ClusterSampler,4.3128279225691155e-07,0
10,EMNIST,ClusterSampler,7.410935294272724e-05,0
10,EMNIST,ClusterSampler,1.2017978435955166e-08,0
10,EMNIST,ClusterSampler,9.201858390288629e-07,0
10,EMNIST,ClusterSampler,7.144869067510793e-09,0
10,EMNIST,ClusterSampler,5.5051266974952697e-08,0
10,EMNIST,ClusterSampler,2.354487381557687e-09,0
10,EMNIST,ClusterSampler,5.977734602280856e-06,0
10,EMNIST,ClusterSampler,2.2463122364713707e-09,0
10,EMNIST,ClusterSampler,2.029047936562926e-07,0
10,EMNIST,ClusterSampler,5.859803646282021e-09,0
10,EMNIST,ClusterSampler,7.428920574790422e-07,0
11,EMNIST,RandomSampler,1.5498349827736069e-07,0
11,EMNIST,RandomSampler,7.941229447220286e-06,0
11,EMNIST,RandomSampler,5.062897840086572e-07,0
11,EMNIST,RandomSampler,1.4073396014678105e-10,0
11,EMNIST,RandomSampler,3.456978493176766e-08,0
11,EMNIST,RandomSampler,1.8751570820478087e-08,0
11,EMNIST,RandomSampler,3.5286890010671596e-06,0
11,EMNIST,RandomSampler,9.048294707505904e-06,0
11,EMNIST,RandomSampler,8.921576657761125e-09,0
11,EMNIST,RandomSampler,6.423291848095545e-05,0
11,EMNIST,RandomSampler,2.5969270539118395e-05,0
11,EMNIST,RandomSampler,1.5046172564519718e-09,0
11,EMNIST,RandomSampler,4.488229124660281e-06,0
11,EMNIST,RandomSampler,6.355512653255238e-07,0
11,EMNIST,RandomSampler,0.00019950085205306528,0
11,EMNIST,RandomSampler,1.6359033380737292e-07,0
11,EMNIST,RandomSampler,3.722152263644575e-05,0
11,EMNIST,RandomSampler,2.865365954237632e-07,0
11,EMNIST,RandomSampler,1.9025261698572443e-06,0
11,EMNIST,RandomSampler,5.862684997236952e-10,0
11,EMNIST,RandomSampler,1.5995836354996539e-06,0
11,EMNIST,RandomSampler,4.894163677317454e-08,0
11,EMNIST,RandomSampler,4.581069305455272e-05,0
11,EMNIST,RandomSampler,5.332544699501147e-06,0
11,EMNIST,RandomSampler,1.626977743786003e-08,0
11,EMNIST,RandomSampler,1.6400180219428383e-06,0
11,EMNIST,RandomSampler,3.780696991387087e-09,0
11,EMNIST,RandomSampler,3.382827375551049e-05,0
11,EMNIST,RandomSampler,1.829068250104137e-05,0
11,EMNIST,RandomSampler,2.003361977610196e-06,0
11,EMNIST,RandomSampler,1.3089575217053804e-11,0
11,EMNIST,RandomSampler,1.6900379231085142e-06,0
11,EMNIST,RandomSampler,4.097804214113676e-06,0
11,EMNIST,RandomSampler,1.7864112429720333e-05,0
11,EMNIST,RandomSampler,6.609438734367882e-07,0
11,EMNIST,RandomSampler,1.3551828338518872e-05,0
11,EMNIST,RandomSampler,8.622306162324236e-08,0
11,EMNIST,RandomSampler,4.194821630352469e-09,0
11,EMNIST,RandomSampler,2.9123217477198347e-06,0
11,EMNIST,RandomSampler,7.834119012648093e-05,0
11,EMNIST,RandomSampler,1.2928103226477747e-06,0
11,EMNIST,RandomSampler,6.28402632364494e-06,0
11,EMNIST,RandomSampler,6.1996855924864006e-06,0
11,EMNIST,RandomSampler,8.100226001062106e-09,0
11,EMNIST,RandomSampler,5.546978095357492e-07,0
11,EMNIST,RandomSampler,5.6379365851522185e-06,0
11,EMNIST,RandomSampler,1.6151369613508394e-05,0
11,EMNIST,RandomSampler,6.389320124823313e-06,0
11,EMNIST,RandomSampler,7.649101379262569e-10,0
11,EMNIST,RandomSampler,3.0488965456694937e-07,0
11,EMNIST,RandomSampler,3.080527605615865e-07,0
11,EMNIST,RandomSampler,3.177261816030954e-07,0
11,EMNIST,RandomSampler,3.478183338682531e-06,0
11,EMNIST,RandomSampler,4.133092808139046e-06,0
11,EMNIST,RandomSampler,2.435535362972918e-05,0
11,EMNIST,RandomSampler,4.29639964476377e-08,0
11,EMNIST,RandomSampler,2.0726225726757818e-07,0
11,EMNIST,RandomSampler,3.6637680453875044e-06,0
11,EMNIST,RandomSampler,5.973748752135155e-08,0
11,EMNIST,RandomSampler,4.952324692925376e-08,0
11,EMNIST,RandomSampler,3.8048115601905726e-05,0
11,EMNIST,RandomSampler,2.9380178929113407e-06,0
11,EMNIST,RandomSampler,4.488229124660281e-06,0
11,EMNIST,RandomSampler,1.1231789901470603e-06,0
11,EMNIST,RandomSampler,6.674377064713303e-07,0
11,EMNIST,RandomSampler,1.7983035686487387e-09,0
11,EMNIST,RandomSampler,1.2967658664799248e-05,0
11,EMNIST,RandomSampler,1.3017465779221902e-06,0
11,EMNIST,RandomSampler,3.981724881636171e-06,0
11,EMNIST,RandomSampler,3.547221649209649e-05,0
11,EMNIST,RandomSampler,5.886066880341498e-07,0
11,EMNIST,RandomSampler,4.356496705702402e-07,0
11,EMNIST,RandomSampler,4.7797211996848676e-08,0
11,EMNIST,RandomSampler,2.0825478745260123e-06,0
11,EMNIST,RandomSampler,2.8445452728710683e-06,0
11,EMNIST,RandomSampler,1.6322830183864333e-09,0
11,EMNIST,RandomSampler,1.5664564822824434e-06,0
11,EMNIST,RandomSampler,1.7828930295496993e-07,0
11,EMNIST,RandomSampler,1.1026379089166392e-05,0
11,EMNIST,RandomSampler,1.5046172564519718e-09,0
11,EMNIST,RandomSampler,3.246664517328662e-05,0
11,EMNIST,RandomSampler,1.1100342485830394e-06,0
11,EMNIST,RandomSampler,1.2622374488066822e-05,0
11,EMNIST,RandomSampler,2.6403509022870345e-07,0
11,EMNIST,RandomSampler,0.00023895728143899698,0
11,EMNIST,RandomSampler,3.556658624133046e-07,0
11,EMNIST,RandomSampler,5.260376353483344e-10,0
11,EMNIST,RandomSampler,3.56239832844151e-07,0
11,EMNIST,RandomSampler,1.4276915714620446e-08,0
11,EMNIST,RandomSampler,6.867846557690357e-08,0
11,EMNIST,RandomSampler,2.4620690462501493e-05,0
11,EMNIST,RandomSampler,5.268499978170256e-07,0
11,EMNIST,RandomSampler,4.294528069484862e-08,0
11,EMNIST,RandomSampler,5.268499978170256e-07,0
11,EMNIST,RandomSampler,2.4469388089095422e-08,0
11,EMNIST,RandomSampler,1.2896694274205293e-06,0
11,EMNIST,RandomSampler,6.565850308209411e-09,0
11,EMNIST,RandomSampler,1.2688954325173256e-06,0
11,EMNIST,RandomSampler,1.851249463569633e-08,0
11,EMNIST,RandomSampler,7.797452598157989e-07,0
